State,Scheme Name,Description,Subsidy Amount,Eligibility Criteria,Age Criteria,Gender Criteria,Application Process,Additional Notes,Website Link
Maharashtra,Shiv Bhojan Yojana,Provides subsidized meals at ₹10 for the poor through designated meal centers.,NA,Available to all needy individuals in Maharashtra.,NA,NA,Visit Shiv Bhojan centers between 11:00 AM to 3:00 PM.,Each center has a daily plate limit.,Link
Maharashtra,Mahatma Jyotiba Phule Shetkari Karj Mafi Yojana,Waives crop loans up to ₹2 lakh for eligible farmers to relieve debt burden.,Up to ₹2 lakh,"Farmers with outstanding loans as of Sept 30, 2019. Govt employees & elected representatives are not eligible.",NA,NA,No application required; loan waiver is processed automatically.,Regular loan repayers may receive incentives.,Link
Maharashtra,CIDCO Vastuvihar Celebration & Unnati Housing Scheme,Offers affordable housing in Navi Mumbai via a lottery system for EWS & LIG.,Varies,Must belong to EWS/LIG category and be a Maharashtra resident.,NA,NA,Online registration via CIDCO portal.,Ensures fair housing distribution.,Link
Maharashtra,Mahaswayam Employment Registration,"Integrates job search, skill development & self-employment for unemployed individuals.",NA,Open to unemployed residents of Maharashtra.,NA,NA,Register on the Mahaswayam portal.,"Covers job seekers, skill training, and entrepreneurship.",Link
Maharashtra,Swadhar Yojana,"Provides ₹51,000 per year for SC & Nav Bauddha students for education & lodging.","₹51,000 per year","SC or Nav Bauddha category, income < ₹2.5 lakh per year, Class 11 & above students.",NA,NA,Apply through educational institutions.,Supports higher education for underprivileged students.,Link
Maharashtra,One Family One House Scheme,Prevents allocation of multiple government houses to the same family.,NA,Applicant & immediate family must not own another govt-allotted house.,NA,NA,Verification at the time of application.,Exceptions may apply to rehabilitation schemes.,Link
Maharashtra,Chief Minister’s Employment Generation Programme (CMEGP),Promotes entrepreneurship in MSME sector by providing financial aid.,"Up to ₹50 lakh for manufacturing, ₹10 lakh for services","Open to individuals, institutions, co-ops, SHGs, trusts.",NA,NA,Apply through Maharashtra MSME portals.,Aims to create 10 lakh jobs over 5 years.,Link
Maharashtra,LPG Gas Subsidy Scheme,Provides subsidized LPG connections to low-income households.,Subsidized LPG connection,"Families without existing LPG, preference for BPL households.",NA,Connection issued in name of female family member.,Apply via designated LPG distribution centers.,Promotes smoke-free cooking.,Link
Maharashtra,Hinduhridaysamrat Balasaheb Thackeray Anna-rath (Shiv Thali Scheme),Mobile canteens provide ₹10 meals to poor individuals.,NA,"Open to all needy individuals, meals via mobile vans.",NA,NA,Visit designated mobile vans.,"Follows models from Tamil Nadu, Andhra Pradesh, Karnataka.",Link
Maharashtra,Maharashtra Labour Smart Card Scheme,Provides smart cards for construction workers to access social security schemes.,NA,Construction workers with a 90-day work certificate; must register with Maharashtra Labour Welfare Board.,NA,NA,Apply through labor office.,Requires ₹25 fee + ₹1 monthly deposit for 5 years.,Link
,,,,,,,,,
Punjab,Punjab Smart Ration Card Scheme 2020,"Replaces the Atta-Dal scheme with smart ration cards for 1.41 crore beneficiaries, enabling seamless food grain withdrawal through e-PoS machines and biometric authentication.",Not applicable,Resident of Punjab; eligible under NFSA or additional 9 lakh state-funded beneficiaries not covered under NFSA.,None,None,Not specified,Ensures intra-state portability and enhanced transparency.,Not provided
Punjab,Punjab Apni Gaddi Apna Rozgar Scheme 2020,Provides subsidies on vehicle purchases to enable self-employment for unemployed youth in Punjab.,"Up to INR 75,000 for four-wheelers or INR 50,000 for three-wheelers (15% of vehicle cost).",Resident of the district where applying; aged 21-45 years; valid commercial driving license; 30% reserved for SC applicants.,21-45 years,None,Online/Offline,Registration under the Punjab Ghar-Ghar Rozgar Yojana is required.,Not provided
Punjab,Punjab Free Smartphone Scheme (Captain Smart Connect Scheme 2020),Distributes free smartphones with 4G data for a year to class 11th and 12th students from economically weaker backgrounds.,Not applicable,Resident of Punjab; studying in class 11th or 12th in a government school; household income less than INR 6 lakh per annum; must not already own a smartphone.,None,None,Not specified,Targets digital access and connectivity for students.,Not provided
Punjab,Ghar Ghar Rozgar Yojana 2020,"Connects unemployed candidates with job opportunities through the Ghar Ghar Rozgar Portal, facilitating placements in government and private sectors.",Not applicable,Resident of Punjab; open to all job seekers registering on the official portal.,None,None,Online via portal,Includes skill training initiatives.,Not provided
Punjab,1 Lakh Plots for Homeless Dalit Families Scheme (2019),"Provides residential plots of 1,300 sq. ft. to homeless Dalit families in two phases, prioritizing villages with available panchayat land.",Not applicable,Homeless Scheduled Caste (SC) families in Punjab; selection based on availability of panchayat land.,None,None,Not specified,Focuses on improving living conditions for Dalit families.,Not provided
Punjab,Punjab Farm Loan Waiver Scheme (Karza Mafi) - Phase 3 (2018),Offers loan waivers to small and marginal farmers to reduce financial distress.,Waives outstanding loans taken from cooperative or commercial banks.,Farmers with landholdings between 2.5 to 5 acres; loans from cooperative or commercial banks.,None,None,Not specified,Targets financial relief for farmers in distress.,Not provided
Punjab,Mahatma Gandhi Sarbat Sehat Bima Yojana (MGSSBY) 2019,"Provides cashless medical treatment up to ₹5 lakh per annum, merging Sarbat Sehat Bima Yojana with Ayushman Bharat (PMJAY).",Up to ₹5 lakh per family annually for medical treatment.,Covers PMJAY-listed families and additional families funded by the Punjab government (46 lakh families). Includes pre- and post-hospitalization coverage (3 days before and 15 days after hospitalization).,None,None,Not specified,Aims at universal health coverage across the state.,Not provided
Punjab,Smart Village Campaign (SVC) 2019,"Focuses on rural infrastructure improvement in health, education, sanitation, and environment with a budget of ₹384 crore.",Not applicable,Applicable to all villages in Punjab; projects approved based on proposals from local development officers.,None,None,Proposal-based,Integrates multiple governmental schemes for rural development.,Not provided
Punjab,Sarbat Sehat Bima Yojana (SSBY) 2019,Universal health insurance scheme offering cashless treatment up to ₹5 lakh per family annually across government and empanelled private hospitals in Punjab.,Up to ₹5 lakh per family annually for medical treatment.,"Covers PMJAY beneficiaries, blue card holders, registered farmers, construction workers, and other poor families (43.18 lakh families). No restriction on family size.",None,None,Not specified,Expands healthcare access without financial burden on families.,Not provided
Punjab,Mera Kam Mera Abhiman Scheme 2019,"Employment generation initiative under ""Ghar Ghar Rozgar and Karobar,"" ensuring job opportunities for urban youth through government/private/self-employment sectors.",Not applicable,Unemployed urban youth of Punjab; selection based on job fairs and placement drives organized under the scheme.,None,None,Job fairs/placement drives,,
,,,,,,,,,
Rajasthan,Rajasthan Medhavi Chatra Muft Scooty Vitaran Yojana,"Provides free scooters to 6,000 meritorious tribal girls to encourage education and reduce dropout rates.",Not applicable,Meritorious tribal girls in Rajasthan; must meet academic excellence criteria and be enrolled in a recognized school.,None,Female,Not specified,Promotes higher education among tribal girls.,Not provided
Rajasthan,Rajasthan Priyadarshini & Mohan Lal Sukhadia Housing Schemes,Affordable housing schemes offering residential plots in Jaipur through online and offline applications.,Not applicable,Open to all homebuyers; must comply with JDA regulations and complete the application process.,None,None,Online/Offline,Plots located in Muhana Village (Priyadarshini) and Dahmi Khurd Village (Mohan Lal Sukhadia).,Not provided
Rajasthan,Rajasthan Old Age Pension Scheme,Provides financial assistance to senior citizens for economic security.,"₹750-₹1,000 per month","Domicile of Rajasthan; women aged 55-75 receive ₹750/month, above 75 receive ₹1,000/month; men aged 58-75 receive ₹750/month, above 75 receive ₹1,000/month; annual family income ≤ ₹48,000.",Women: 55+; Men: 58+,None,Not specified,Targets economic support for senior citizens.,Not provided
Rajasthan,Rajasthan MSME Ordinance (Raj Udyog Mitra),Simplifies business setup for new entrepreneurs by removing prior approvals and exempting inspections for three years.,Not applicable,"Open to new MSMEs in Rajasthan; must register on the Raj Udyog Mitra portal and commence operations after March 4, 2019.",None,None,Online registration,Encourages entrepreneurship and MSME growth.,Not provided
Rajasthan,Rajasthan Jan Aadhaar Yojana,"Unifies service delivery through a single Jan Aadhaar card for efficient distribution of welfare benefits like healthcare, food security, and financial inclusion.",Not applicable,Resident of Rajasthan; families must register for a Jan Aadhaar card to avail government schemes.,None,None,Registration required,Replaces the earlier Bhamashah scheme for better transparency and efficiency in welfare distribution.,Not provided
Rajasthan,Rajasthan Mukhyamantri Yuva Sambal Yojana,Provides unemployment allowance to jobless youth while promoting skill development programs.,Monthly stipend (amount not specified).,Resident of Rajasthan; age 21-35 years; must have completed at least 12th grade and hold a graduate/postgraduate degree; annual family income ≤ ₹3 lakh; unemployed and registered with an employment exchange.,21-35 years,None,Registration with employment exchange required.,Aims to support unemployed youth financially while boosting employability through skill development initiatives.,Not provided
Rajasthan,Rajasthan Priyadarshini Indira Gandhi Mahila Shakti Yojana,"Supports women entrepreneurs with funding, skill training, and rehabilitation for women in distress.","₹1,000 crore allocated for funding ventures, education, and training programs.",Women residing in Rajasthan; interested in starting enterprises or undergoing skill training; victimized women eligible for rehabilitation support.,None,Female,Not specified,Promotes women empowerment through entrepreneurship and skill development initiatives.,Not provided
Rajasthan,Mukhyamantri Yuva Rojgar Yojana,Provides one lakh jobs to unemployed youth over five years through loans for self-employment and skill development programs.,Loans up to ₹1 lakh for self-employment initiatives.,"Unemployed youth residing in Rajasthan; loans available through RIICO, RFC, and finance corporations for SC/ST/OBC/minorities intending to start businesses.",None,None,Loan application process,Focuses on entrepreneurship development among unemployed youth in the state.,Not provided
Rajasthan,Nirogi Rajasthan Scheme,"Health awareness campaign educating the public about diseases, vaccination programs, and drug addiction through a dedicated website and call center.",,Open to all residents of Rajasthan; no specific income or demographic restrictions.,None,None,Public participation,,
,,,,,,,,,
Tamil Nadu,Athikadavu Avinashi Groundwater Recharge & Drinking Water Supply Scheme,"Recharges groundwater and supplies drinking water through a 1,058 km pipeline network, benefiting 1,048 water bodies.",Not applicable,"Households in Tamil Nadu for drinking water; farmers in Erode, Tirupur, and Coimbatore for irrigation.",None,None,Not specified,Enhances water availability for irrigation and drinking purposes.,Not provided
Tamil Nadu,Tamil Nadu Marine Fishermen Census,Conducts a decennial survey to assess the socio-economic status of marine fisherfolk.,Not applicable,Marine fisherfolk in Tamil Nadu.,None,None,Not specified,Helps formulate welfare schemes for the fishing community.,Not provided
Tamil Nadu,TN Amma Ilaignar Vilayattu Thittam (Amma Youth Sports Scheme),Promotes sports development among youth by constructing sports grounds and providing financial support.,Not applicable,Youths in rural and urban Tamil Nadu.,None,None,Not specified,Encourages sports participation and leadership among youth.,Not provided
Tamil Nadu,Tamil Nadu Supply Chain Management Scheme,Enhances post-harvest processing and logistics for farmers through infrastructure development.,Not applicable,"Farmers in identified districts: Krishnagiri, Dharmapuri, Coimbatore, The Nilgiris, Tiruchirapalli, Dindigul, Theni, Ramanathapuram, Thoothukudi, and Tirunelveli.",None,None,Registration through FPOs,Supports market integration and reduces post-harvest losses.,https://agrimark.tn.gov.in/
Tamil Nadu,TN Pongal Gift Scheme,Provides monetary grants and essential items to ration cardholders during Pongal.,"₹1,000 cash grant",Ration cardholders in Tamil Nadu.,None,None,Door-to-door distribution,"Includes items like raw rice, jaggery, and clothing.",https://tnpds.gov.in/
Tamil Nadu,Tamil Nadu Amma Water Bottles Scheme,Offers affordable glass water bottles to reduce plastic waste.,Not applicable,"General public, especially commuters.",None,None,Available at bus stands,Promotes eco-friendly practices.,Not provided
Tamil Nadu,Tamil Nadu Amma Free Cow / Sheep / Goat Scheme,Supports animal husbandry by providing livestock to economically weaker sections.,Not applicable,"Women in rural Tamil Nadu, prioritizing SC/ST and BPL families.",None,Female,Not specified,Includes insurance and other support for beneficiaries.,Not provided
Tamil Nadu,Tamil Nadu Free Shoes Scheme,Provides free shoes and socks to students in government schools.,Not applicable,Students in Classes 6 to 10 in government schools.,None,None,Not specified,Enhances school attendance and hygiene.,Not provided
Tamil Nadu,Tamil Nadu Free Laptop Scheme (for Government School Teachers),Offers laptops to government school teachers for digital education.,Not applicable,Government and government-aided school teachers.,None,None,Not specified,Supports digital learning initiatives.,Not provided
Tamil Nadu,Tamil Nadu Free Bicycle Scheme,Distributes free bicycles to Class 11 students in government schools.,Not applicable,Students in Class 11 in government schools.,None,None,Not specified,Encourages school attendance and transportation.,Not provided
,,,,,,,,,
Telangana,Telangana Rythu Bandhu Scheme,"Provides ₹5,000 per acre per season to farmers for agricultural inputs like seeds and fertilizers.","₹10,000 per acre annually",Farmers owning agricultural land in Telangana; tenant farmers are excluded.,None,None,Bank account details required for direct benefit transfer.,Aims to reduce reliance on moneylenders and ensure timely investment in farming activities.,Not provided
Telangana,Telangana Aasara Pension Scheme,"Offers financial assistance to elderly, widows, disabled individuals, and economically weaker sections.","₹2,016 for most categories; ₹3,016 for disabled individuals",Resident of Telangana; annual income below ₹1.5 lakh (rural) or ₹2 lakh (urban); excludes those owning large landholdings or involved in government service.,None,None,Not specified,Targets vulnerable groups for social security.,Not provided
Telangana,Telangana Integrated Fisheries Development Scheme (IFDS),"Supports fishermen by providing subsidies for fish seed, nets, boats, and hatchery setups to boost fisheries production.","Subsidies on fish seed, nets, boats, etc.","Fishermen and fish farmers in Telangana eligible for subsidies on inputs like fish seed, boats, nets, and transport vehicles.",None,None,Not specified,Enhances livelihoods of fishermen and boosts fisheries sector growth.,Not provided
Telangana,Telangana Kalyana Lakshmi Scheme,Provides financial assistance for the marriage of women from economically weaker sections.,"₹1,00,116 (₹1,25,145 for disabled women)",Resident of Telangana; girl must be 18+ at marriage; income limits apply based on community and rural/urban location; special provisions for disabled women.,18+,Female,Online application required with supporting documents.,Encourages financial support for marriage in disadvantaged communities.,Not provided
Telangana,Balika Arogya Raksha Kits Scheme,Distributes free health and hygiene kits to girl students in government schools from Class 7 to 12.,Not applicable,Girls studying in government schools from Class 7 to Class 12 in Telangana.,None,Female,Distributed through schools.,Promotes hygiene and health awareness among schoolgirls.,Not provided
Telangana,Kaleshwaram Lift Irrigation Scheme,"Ensures year-round water supply to farmlands, drinking water for Hyderabad, and industrial water needs through lift irrigation systems.",Not applicable,"Farmers and industries in Telangana; water allocation based on agricultural, industrial, and drinking needs.",None,None,Not specified,One of the world’s largest multi-stage lift irrigation projects.,Not provided
Telangana,Telangana Dairy Development Subsidy Scheme,Promotes dairy farming by providing subsidies for buffalo purchases and incentives for milk production.,50% subsidy (general); 75% subsidy (SC/ST),Farmers purchasing buffaloes through dairy development societies; SC/ST farmers eligible for higher subsidy rates; incentives of ₹4 per liter of milk produced are also provided.,None,None,Implemented through dairy societies like Vijaya Dairy and Mulkanur Dairy.,Aims to boost milk production and reduce dependency on imports from other states.,Not provided
Telangana,Telangana 2 BHK Housing Scheme,Provides free housing units to low-income families under the Dignity Housing Scheme merged with PMAY funding.,Free housing units,BPL families with a valid ration card; property registered in the name of women beneficiaries; applicant must not own property under any other housing scheme.,None,Female,Application through local authorities or PMAY portal.,Encourages female homeownership while addressing housing shortages among low-income families.,Not provided
Telangana,Telangana Crop Loan Waiver Scheme,"Waives off agricultural loans up to ₹1 lakh taken before December 11, 2018 to provide financial relief to farmers.",Up to ₹1 lakh loan waiver,"Farmers with outstanding crop loans taken before December 11, 2018; excludes commercial or non-agricultural loans; must be a resident of Telangana.",None,None,Automatic processing based on loan records with banks/government agencies.,Aims to reduce financial distress among farmers by clearing loan burdens.,
,,,,,,,,,
Jharkhand,Jharkhand Ration Card Scheme,Provides ration cards to eligible families for subsidized food under NFSA.,Subsidized food rates,"Resident of Jharkhand, BPL/APL classification under NFSA.",None,None,Apply through the official portal with necessary documents.,Ensures food security for weaker sections.,aahar.jharkhand.gov.in
Jharkhand,Jharkhand Free LPG Cylinders Refill Scheme,Offers free LPG cylinder refills to PMUY beneficiaries to promote clean cooking fuel.,Free LPG refill,"PMUY beneficiary, resident of Jharkhand, BPL family with LPG connection under PMUY.",None,None,Apply via gas distributor; subsidy reimbursed through DBT.,Includes distribution of 12 lakh new LPG connections.,mygov.in
Jharkhand,Jharkhand Old Age/Widow/Viklang Pension Scheme,"Provides ₹1,000 monthly pension to senior citizens, widows, and persons with disabilities.","₹1,000 per month","Resident of Jharkhand, senior citizen (60+), widow, or person with disability registered under social schemes.",60+ for senior citizens,None,Register under the respective social security scheme.,"Increased from ₹600 to ₹1,000 for financial support.",myscheme.gov.in
Jharkhand,Mukhyamantri Sukanya Yojana,Financial aid for girls from birth to adulthood to promote education and prevent child marriage.,"₹40,000 in phases","Resident of Jharkhand, financially weaker family, girl must remain unmarried till 20 years of age.",None,Female,Apply through local government offices or online portal.,Distributed via DBT as the girl progresses in education.,Not available
Jharkhand,Jharkhand Paddy Procurement Scheme,"Ensures fair pricing for farmers by purchasing paddy at ₹1,750 per quintal (MSP).","₹1,750 per quintal MSP",Paddy farmers in Jharkhand registered with procurement centers.,None,None,Register with procurement centers; payment via NEFT/RTGS/DBT modes.,Promotes financial stability for farmers.,Not available
Jharkhand,Mukhyamantri Krishi Aashirwad Yojana,"Provides ₹5,000 per acre annually to small and marginal farmers for Kharif crops.","₹5,000 per acre annually",Resident farmer in Jharkhand with landholding less than 5 acres; applicable for Kharif crops only.,None,None,Apply through agriculture department offices or online portal.,Reduces dependence on loans and boosts production.,Not available
Jharkhand,Jharkhand Sahiya Arogya Kunji Yojana,Provides medical kits to rural health workers (Sahiyas) to improve local healthcare access.,Medical kits,Rural residents; Sahiyas are primary beneficiaries equipped for healthcare services delivery.,None,None,Distributed through local health departments and Sahiyas networks.,Reduces need for travel to urban centers for minor treatments.,Not available
Jharkhand,Jharkhand Interest-Free Farm Loan Scheme,Offers interest-free loans to farmers if repaid within a year; includes 50% subsidy on dairy farming.,Interest-free loans,Resident farmer in Jharkhand; must repay loan within one year; additional benefits for dairy farming sector.,None,None,Apply through agricultural banks or cooperative societies in the state.,Promotes White Revolution and financial stability among farmers.,Not available
Jharkhand,Jharkhand SC/ST Civil Seva Protsahan Yojana,Provides ₹1 lakh assistance to SC/ST students clearing UPSC prelims for mains preparation.,₹1 lakh,SC/ST category resident of Jharkhand; annual family income below ₹2.5 lakh; cleared UPSC prelims exam.,None,None,Apply through social welfare department or online portal with required documents and proof of eligibility.,Encourages SC/ST students to pursue civil services careers by easing financial burdens during preparation.,Not available
,,,,,,,,,
Tripura,Tripura Super 30 Scheme,Provides free coaching to 30 meritorious science students for IIT/JEE and MBBS entrance exams.,Covers full coaching expenses,Science stream students; merit-based; economically weaker sections,Not specified,Not specified,Selection based on merit and reservation policy,Modeled after Super 30 initiative.,N/A
Tripura,Ayushman Tripura Scheme,Provides cashless healthcare up to â‚¹5 lakh for poor citizens at empanelled hospitals.,â‚¹5 lakh for medical treatment,Economically weaker sections; not listed in SECC 2011,Not specified,Not specified,Beneficiaries receive e-cards for availing treatment,Expands coverage beyond Ayushman Bharat scheme.,N/A
Tripura,Atal Jaldhara Yojana,Provides free domestic water connections to all households in Tripura.,Full subsidy on domestic water connections,All households in Tripura,Not specified,Not specified,Automatic inclusion for domestic households,Tribute to Atal Bihari Vajpayee.,N/A
Tripura,Scheme to Distribute Cows to 5000 Families,Provides two cows per family to improve income and dairy production.,Bank loan-based support for cows,Poor families in Tripura; must engage in dairy production,Not specified,Not specified,Application through banks,Aims to make Tripura self-sufficient in milk production.,N/A
Tripura,MyGov Tripura Portal,Engages citizens in governance through online discussions and feedback.,Not applicable,Open to all residents of Tripura,Not specified,Not specified,Online registration on the portal,Enhances transparency and public involvement.,N/A
Tripura,Chief Ministerâ€™s B.Ed Anuprerana Yojana,Provides interest subsidies on loans for B.Ed trainee teachers.,Interest subsidy on B.Ed loans,Enrolled in NAAC-accredited B.Ed colleges; must take loans,Not specified,Not specified,Application via banks,Addresses shortage of trained teachers.,N/A
Tripura,CCL Scheme for Female Employees,Allows female government employees to take up to 730 days of paid child care leave.,Paid leave for 730 days,Female government employees with up to two children,Not specified,Female,Leave can be availed once in service period,Ensures financial security while caring for children.,N/A
Tripura,Pradhan Mantri Ujjwala Yojana (Tripura Implementation),Provides free LPG connections to BPL households.,Full subsidy on LPG connection,BPL category; name in SECC 2011 data,Not specified,Female head of household,Application via designated gas agencies,Replaces traditional fuels to improve health.,N/A
Tripura,Tripura Voter List 2020,Allows citizens to check and download voter ID cards.,Not applicable,Residents of Tripura; registered voters,18 years and above,Not specified,Online check via CEO Tripura website,Ensures transparency in voter registration.,N/A
,,,,,,,,,
Uttarakhand,Uttarakhand Free Laptop Distribution Scheme 2020,Free laptops for meritorious Class 10 & 12 students from BPL families.,Free laptop,"Uttarakhand residents, Class 10 & 12, BPL, 80%+ marks",Not specified,Not specified,Automatic selection based on marks,Encourages academic excellence,N/A
Uttarakhand,Uttarakhand Free SC/ST Coaching Scheme 2019-20,Free IAS/PCS coaching for 300 SC/ST students from weak financial backgrounds.,Free coaching,"SC/ST, economically weak",Not specified,Not specified,"First Come, First Serve basis",5-month coaching program,N/A
Uttarakhand,Atal Ayushman Uttarakhand Yojana (AAUY),₹5 lakh per family for cashless hospitalization at empanelled hospitals.,₹5 lakh medical insurance,All Uttarakhand families in SECC 2011 data,Not specified,Not specified,Auto-enrollment,Covers pre-existing conditions,N/A
Uttarakhand,Uttarakhand Ration Card Online Application,Provides subsidized food grains and access to welfare schemes.,Subsidized food,"Uttarakhand residents, APL/BPL/Antyodaya",Not specified,Not specified,Online application,Process made digital,fcs.uk.gov.in
Uttarakhand,Uttarakhand Voter List 2020,Online voter list access and voter ID download.,Not applicable,"Uttarakhand residents, 18+ years",18+,Not specified,Online search,Ensures election transparency,ceo.uk.gov.in
Uttarakhand,Mukhyamantri Anchal Amrit Yojana,Provides nutritious milk once a week to students under the Mid-Day Meal Scheme.,Free milk,Class 1-8 students in government schools,"3-6 years (Anganwadi), 6-14 years (Schools)",Not specified,Automatic inclusion,Aims to combat malnutrition,N/A
Uttarakhand,Deendayal Upadhyay Kisan Kalyan Yojana,Soft loans up to ₹1 lakh at 2% interest for small/marginal farmers.,₹1 lakh loan at 2%,Small and marginal farmers,Not specified,Not specified,Bank loan application,Must repay within 3 years,N/A
Uttarakhand,Super 100 Free Coaching Scheme,Free 100-hour coaching for JEE/CPMT for 100 meritorious girls.,"Free coaching, accommodation",Class 12 girls from 95 blocks of Uttarakhand,Class 12,Female,Merit-based selection,Inspired by Super 30 initiative,N/A
Uttarakhand,Revised U-Health Card Scheme,Cashless health insurance for govt employees & pensioners in empanelled hospitals.,Unlimited coverage,State govt employees & pensioners,Not specified,Not specified,Insurance premium-based enrollment,OPD coverage included,N/A
,,,,,,,,,
,,,,,,,,,
Uttar Pradesh,Uttar Pradesh Ground Water Act 2020,Regulates groundwater extraction; mandates registration of pumps and rainwater harvesting.,N/A,Farmers and domestic users exempt from fees; urban landlords must install rainwater harvesting.,N/A,N/A,N/A,Violators face fines and penalties.,N/A
Uttar Pradesh,UP Internship Scheme 2020,Provides internships and stipends for skill development in students.,₹2500/month,"Students in class 10th, 12th, or graduation.",N/A,N/A,Online application.,Internship duration: 6 months - 1 year.,N/A
Uttar Pradesh,UP Kisan Asan Kist Yojana 2020,Farmers can clear electricity bills in installments with interest waiver.,Interest waiver,Only for UP farmers; dues must be cleared in 6 installments.,N/A,N/A,Apply via UPPCL portal.,Timely payments ensure interest waivers.,N/A
Uttar Pradesh,UP Mukhyamantri Krishak Durghatna Kalyan Yojana 2020,Financial assistance for farmers’ families in case of death or disability.,₹5 lakh,Farmers and their families (18-70 years); Bataidars (tenant farmers) also eligible.,18-70 years,N/A,Apply within 45 days of the incident.,Replaces an older insurance scheme.,N/A
Uttar Pradesh,UP One District One Product Scheme,"Supports district-specific industries with financial aid, training, and market access.",Varies,Entrepreneurs and artisans in designated product sectors.,N/A,N/A,N/A,Promotes local employment and global trade.,N/A
Uttar Pradesh,UP Mukhyamantri Kisan & Sarvhit Bima Yojana,Insurance scheme for farmers against accidental death/disability.,₹5 lakh,"Farmers with family income ≤ ₹75,000; must be registered in land records.",18-70 years,N/A,N/A,"Covers accidents, drowning, and disasters.",N/A
Uttar Pradesh,UP Jhatpat Connection Yojana,Quick online electricity connections for BPL/APL families.,N/A,BPL: ₹10 fee; APL: ₹100 fee for 1-25 KW connection.,N/A,N/A,Apply via UPPCL website.,Aimed at hassle-free electricity access.,N/A
Uttar Pradesh,UP Kanya Sumangla Yojana 2019,Provides financial assistance to support girl education and well-being.,Varies across life stages,"Girl child born in UP, support from birth to graduation.",N/A,Female,Funds transferred via DBT.,Linked with Beti Bachao Beti Padhao.,N/A
Uttar Pradesh,Pradhan Mantri Krishi Sinchai Yojana (PMKSY) – UP Implementation,Offers irrigation subsidies for water conservation and increased productivity.,Small farmers: 90%; Others: 80%,Farmers in UP; must choose pre-approved suppliers.,N/A,N/A,Funds transferred via DBT.,Enhances irrigation efficiency.,N/A
Uttar Pradesh,UP Vriksharopan Mahakumbh 2019,Large-scale afforestation drive planting 22 crore trees.,Free trees,Open to all UP residents.,N/A,N/A,N/A,Geotagging tracks progress; involves schools & villages.,N/A
,,,,,,,,,
West Bengal,Bina Mulya Samajik Suraksha Yojana (BMSS),Free social security scheme providing Provident Fund (PF) and financial aid for unorganized sector workers.,N/A,Residents of WB; landless laborers & unorganized workers; must be registered under SSY.,N/A,N/A,N/A,Government bears the full cost.,N/A
West Bengal,Hasir Alo Scheme,Free electricity for families consuming ≤75 units per quarter.,Free electricity,WB residents; households consuming ≤75 units per quarter.,N/A,N/A,N/A,Supports financially weaker families.,N/A
West Bengal,Chaa Sundari Scheme,Provides housing for tea garden workers.,Housing assistance,Must be a tea garden worker; must not own a house.,N/A,N/A,N/A,Improves workers’ living conditions.,N/A
West Bengal,Bandhu Prakalpa Scheme,Pension scheme for SC individuals not receiving other pensions.,"₹1,000/month",Must belong to SC category; must be above 60; should not receive other pensions.,60+ years,N/A,N/A,Supports elderly SC individuals.,N/A
West Bengal,Jai Johar Scheme,Pension scheme for ST individuals not receiving other pensions.,"₹1,000/month",Must belong to ST category; must be above 60; should not receive other pensions.,60+ years,N/A,N/A,Supports elderly ST individuals.,N/A
West Bengal,Karma Sathi Prakalpa Scheme,Provides loans for unemployed youth to start businesses.,Loan up to ₹2 lakh,WB residents; unemployed; must have completed 10th/12th grade.,N/A,N/A,N/A,Encourages entrepreneurship.,N/A
West Bengal,Aikyashree Minority Scholarship Scheme,Financial aid for minority students (Class 1 to Ph.D.).,Varies (based on category),Must be a minority; WB domicile; 50%+ marks in last exam; income ≤₹2-2.5 lakh.,N/A,N/A,N/A,"Covers pre-matric, post-matric, and merit-cum-means scholarships.",N/A
West Bengal,Bangla Shashya Bima (BSB) Scheme,Free crop insurance for farmers against weather-related losses.,Insurance coverage,Farmers in WB; cultivating covered crops; both loan-taking & non-loan-taking farmers eligible.,N/A,N/A,N/A,In collaboration with Agriculture Insurance Company of India.,N/A
West Bengal,Krishak Bandhu Scheme,"Financial aid of ₹5,000 per acre/year for farmers + ₹2 lakh death benefit.","₹5,000/acre; ₹2 lakh death benefit",Must be a farmer in WB; age 18-60 years for death benefit.,18-60 years (for death benefit),N/A,N/A,Direct income support for farmers.,N/A
West Bengal,Yuvashree Arpan Scheme,Financial aid for young entrepreneurs to start businesses.,₹1 lakh,WB residents; must have a technical degree/diploma; interested in entrepreneurship.,N/A,N/A,N/A,Supports self-employment.,N/A
,,,,,,,,,
Andhra Pradesh,AP Chief Minister’s Relief Fund,"Relief fund to assist individuals affected by natural disasters, medical emergencies, or other crises.",Not Applicable,Residents of Andhra Pradesh affected by calamities or emergencies.,Not Applicable,Not Applicable,Donations can be made online at the official website.,Contributions are tax-exempt under Section 80G.,apcmrf.ap.gov.in
Andhra Pradesh,AP Mukhyamantri Yuva Nestham Scheme,Financial assistance for unemployed youth to pursue skill development and reduce family burden.,"₹1,000/month",Unemployed youth aged 22–35 years; residents of Andhra Pradesh; not enrolled in Provident Fund; Aadhaar-linked bank account required.,22–35 years,Not Applicable,Apply online via the official website or mobile app.,Skill training is also provided to beneficiaries.,yuvanestham.ap.gov.in
Andhra Pradesh,AP Basavatarakam Mother Kits Scheme,Distribution of mother kits to women post-delivery in government hospitals to promote institutional deliveries.,Not Applicable,Pregnant women delivering in government hospitals in Andhra Pradesh.,Not Applicable,Female,No application required; kits distributed directly at hospitals.,Aimed at reducing child mortality and promoting institutional deliveries.,Not Available
Andhra Pradesh,AP Bala Sanjeevani Scheme,Provides high-protein food to pregnant women and children under 6 years to combat malnutrition.,Not Applicable,Pregnant women and children under 6 years residing in Andhra Pradesh.,Children: Under 6 years,Female (pregnant women),Administered directly through Anganwadi centers and government programs.,Pilot program targeting malnutrition reduction and infant mortality prevention.,Not Available
Andhra Pradesh,AP Pre-Matric Scholarship Scheme,Financial assistance for SC/ST/OBC/Disabled students in classes 5–10 for education expenses.,Varies,Students from SC/ST/OBC/Disabled categories; annual family income below ₹2 lakh; residents of Andhra Pradesh; Aadhaar card required.,Students (5th–10th grade),Not Applicable,"Apply online at the official portal with required documents (e.g., Aadhaar, income certificate).",Funds credited directly to students' bank accounts.,jnanabhumi.ap.gov.in
Andhra Pradesh,AP Vahana Mitra Scheme Phase 2,"Financial aid for auto, taxi, and maxi cab owner-drivers for vehicle maintenance costs.","₹10,000/year",Auto/taxi/maxi cab owner-drivers who are residents of Andhra Pradesh.,Not Applicable,Not Applicable,Apply online through the designated portal or mobile app.,Aimed at improving livelihood for self-employed drivers.,Not Available
Andhra Pradesh,AP YSR Law Nestham Scheme,Monthly stipend for junior advocates and lawyers during their initial practice years.,"₹5,000/month","Junior advocates under 35 years old; registered with State Bar Council under Section 17 of Advocacy Act, 1961; actively practicing law; residents of Andhra Pradesh; only one family member eligible at a time; owning a four-wheeler disqualifies.",Under 35 years,Not Applicable,"Submit applications with required documentation (e.g., affidavit confirming practice) through designated channels.",Aimed at supporting young lawyers financially during their foundational years in practice.,Not Available
Andhra Pradesh,AP YSR Kapu Nestam Scheme,"Financial aid for women from Kapu, Balija, Telaga, and Ontari communities to improve economic stability.","₹15,000/year (₹75,000 over five years)",Women aged 45–60 years from eligible communities; residents of Andhra Pradesh.,45–60 years,Female,"Applications submitted via official portals with supporting documents (e.g., community certificate).",Empowering women economically from marginalized communities.,Not Available
Andhra Pradesh,AP Jagananna Vidya Deevena Scheme,Provides 100% fee reimbursement for economically weaker students pursuing higher education.,Full fee reimbursement,"Residents of Andhra Pradesh with annual family income < ₹2.5 lakh, specific landholding limits, and enrolled in eligible courses. Excludes income taxpayers and students in private universities or management quota.",None,None,Apply online/offline through Navasakam Beneficiary Management Portal.,Amount transferred to mothers' bank accounts.,govtschemes.in
Andhra Pradesh,AP Grama/Ward Volunteer Recruitment,Recruits volunteers to deliver welfare schemes directly to beneficiaries' doorsteps.,"₹5,000/month honorarium","Residents of Andhra Pradesh belonging to the village/ward applied for; educational qualifications: 12th pass (plain areas), 10th pass (agency areas).",18–35 years,None,Apply online at gswsvolunteer.apcfss.in by filling out the application form and uploading required documents.,Aims to enhance transparency and eliminate corruption.,gswsvolunteer.apcfss.in
Andhra Pradesh,AP Jagananna Vasathi Deevena Scheme,"Financial assistance for hostel and mess charges for students pursuing ITI, Polytechnic, or Degree.","₹10,000–₹20,000 annually","Residents of Andhra Pradesh; ITI, Polytechnic, or Degree students. Amount disbursed in two installments directly to mothers' bank accounts.",None,None,Apply online through the scheme's official website by registering and uploading required documents.,"Beneficiaries include over 58,091 students across 153 colleges.",jaganannaammavodi.ap.gov.in
Andhra Pradesh,Connect to Andhra Web Portal,Platform for collaboration and contributions toward development projects in Andhra Pradesh.,Not applicable,"Open to individuals, organizations, corporations, and philanthropists willing to contribute funds or expertise towards state projects.",None,None,Access the portal at connect.ap.gov.in to register and participate in development projects.,Ensures transparency and monitoring of externally funded projects.,connect.ap.gov.in
Andhra Pradesh,AP Mana Badi Nadu Nedu Scheme,Modernizes government schools by improving infrastructure and amenities like classrooms and labs.,"₹6,000 crore over 4 years",Applicable to all government schools in Andhra Pradesh with poor infrastructure; managed by community groups with parents' committees playing a key role.,None,None,Implementation monitored by education officers; no direct application process for individuals as it is school-focused.,Aims to decrease dropout rates and improve learning outcomes through better infrastructure.,nadunedu.se.ap.gov.in
Andhra Pradesh,AP YSR Scheme for Auto & Taxi Drivers,"Provides annual financial assistance to self-owned auto, taxi, or maxi cab drivers.","₹10,000 annually",Residents of Andhra Pradesh owning autos/taxis; both husband and wife considered one unit if both are drivers; major sons/daughters owning vehicles also eligible.,None,None,Automatic enrollment based on vehicle ownership records; funds directly transferred to beneficiaries' accounts.,Benefits approximately 4 lakh drivers across the state with a total allocation of ₹400 crore.,Not available
Andhra Pradesh,AP Annadata Sukhibhava Scheme,"Financial support for small/marginal farmers growing specific crops like paddy, cotton, etc.",Not specified,"Residents of Andhra Pradesh who are small/marginal farmers cultivating specified crops (e.g., paddy, sugarcane).",None,None,Automatic enrollment based on agricultural land records; no separate application process required for farmers already registered with the state government.,"Allocated ₹5,000 crore under the 2019–2020 budget for debt relief and subsidies for farmers.",Not available
Andhra Pradesh,AP YSR Adarsham Scheme,Provides vehicles to unemployed youth for transporting sand and essential commodities as self-employment.,"Income up to ₹20,000/month",Unemployed youth eligible for bank loans; residents of Andhra Pradesh seeking self-employment opportunities in transportation services managed by APMDC/APCSC/APBCL.,None,None,Apply through designated banks under the scheme's guidelines; eligibility verification conducted during application review process.,Aims to create steady income opportunities for unemployed youth in transportation services sector.,Not available
Andhra Pradesh,Jagananna Vidya Deevena Scheme,Provides 100% fee reimbursement for students from disadvantaged categories pursuing higher education in professional courses.,Full fee reimbursement,"Resident of Andhra Pradesh, annual family income below ₹2.5 lakh, landholding limits apply, no family member in government service or paying income tax.",Not specific,Not specific,Apply online via the Navasakam Beneficiary Management Portal or offline through designated centers.,"Covers tuition, special, and exam fees; amount transferred to the mother’s bank account.",Link
Andhra Pradesh,YSR Kapu Nestham Scheme,"Financial assistance to women from Kapu, Balija, Telaga, and Ontari communities to improve their living conditions.","₹15,000 per annum","Resident of Andhra Pradesh, women aged 45-60 years from Kapu, Balija, Telaga, or Ontari communities.",45-60 years,Female,Apply online through the Navasakam portal or offline at village/ward secretariats.,"Total assistance of ₹75,000 over five years.",Link
Andhra Pradesh,YSR Navodayam Scheme,One-time restructuring of MSME loans to prevent them from becoming NPAs and support financially struggling MSMEs.,Loan restructuring,"MSMEs in Andhra Pradesh facing financial crises for the last three years; around 86,000 accounts identified for support.",Not specific,Not specific,Application details to be announced on the official portal; likely online process.,Aims to prevent financial distress in MSMEs and ensure their sustainability.,Link
Andhra Pradesh,YSR Netanna Nestham Scheme,Financial aid for handloom weavers with manual weaving units to support their livelihood and ensure financial stability.,"₹24,000 per annum",Handloom weavers with manual weaving units listed in the government database; residents of Andhra Pradesh.,Not specific,Not specific,Enroll at MeeSeva centers or through the Department of Handlooms and Textiles’ official website.,"Assistance provided in four installments annually; supports around 80,000 families.",Link
Andhra Pradesh,Dr. YSR Kanti Velugu Scheme,"Universal eye care scheme providing free screenings, spectacles, and surgeries for eye disorders like cataracts and glaucoma.",Free services,"All residents of Andhra Pradesh; school children screened first (Phase 1), general public covered in later phases based on need identified during screenings.",Not specific,Not specific,Register through government health centers or vision camps organized under the scheme.,Implemented in five phases; aims to provide comprehensive eye care services at no cost to beneficiaries.,Link
Andhra Pradesh,YSR Rythu Bharosa Scheme,Annual financial assistance for farmers to support agricultural investment and provide a minimum support price for crops.,"₹12,500 per annum",Landowner farmers (no landholding restrictions) and tenant farmers (specific land lease requirements); must be residents of Andhra Pradesh.,Not specific,Not specific,Apply online via the official Rythu Bharosa portal or through district-level agriculture offices.,"Includes ₹6,000 from PM-Kisan scheme and ₹6,500 from state funds; benefits around 66 lakh farmers annually.",Link
Andhra Pradesh,YSR Vahana Mitra Scheme,"Financial assistance for self-owned auto/taxi drivers to cover vehicle repairs, insurance costs, and fitness certificate fees.","₹10,000 per annum",Must own and drive an auto-rickshaw/taxi/maxi cab; valid driving license and vehicle registration; White Ration Card holder indicating low income; resident of Andhra Pradesh.,Not specific,Not specific,Apply online via the Navasakam portal or offline at designated centers like MeeSeva offices.,Supports low-income self-employed drivers; benefits over 2 lakh individuals annually with a budget allocation of ₹400 crore.,Link
,,,,,,,,,
Odisha,Nirman Kusuma Scheme,Provides financial assistance to children of construction laborers for technical education in government ITIs and diploma programs.,"₹23,600 for ITI students; ₹26,300 for diploma students","Children of registered construction workers in Odisha; must be enrolled in government ITIs, polytechnics, or diploma programs.",None,None,Not specified,Aims to uplift construction workers' families by funding their children's education.,Not provided
Odisha,Doubling of Farmers Income Scheme,"Aims to double farmers' income through the convergence of agriculture and allied sectors, implemented in three phases.",Not applicable,"Farmers from designated Agro-Climatic Zones (ACZs); must participate in existing government schemes like Matsya Pokhari Yojana, National Horticulture Mission, and others; can access credit linkages and subsidies through Kisan Credit Cards.",None,None,Not specified,Implemented under the 5T framework; initially covers ten districts before expanding statewide.,Not provided
Odisha,Mission Suvidya,"Improves facilities in tribal hostels, ensuring safe infrastructure, functional toilets, clean drinking water, and hygienic food.",Not applicable,Tribal students residing in hostels managed by the SC/ST Department; hostels must adhere to quality standards to obtain ISO certification.,None,None,Not specified,Implemented with support from the Quality Council of India and the Akshara Foundation.,Not provided
Odisha,Gaja Bandhu Scheme,"Appoints local volunteers to monitor elephant movements and reduce human-wildlife conflicts, providing remuneration for reporting.",Incentives based on accuracy of reports,Residents of villages near elephant corridors; must report elephant movement to the Forest Department.,None,None,Not specified,Aims to prevent elephant deaths and reduce human-wildlife conflicts.,Not provided
Odisha,District Palliative Care Programme,Provides palliative care services at district-level hospitals for patients with life-threatening diseases.,"Free consultation, physiotherapy, and medication","Patients suffering from chronic illnesses such as cancer, kidney disease, and stroke; services available at all District Headquarters Hospitals (DHHs).",None,None,Not specified,Improves quality of life for patients through both in-patient and out-patient care.,Not provided
Odisha,Small Savings Incentive Scheme,"Launched to encourage small savings, this scheme provides a lucky draw incentive for individuals who deposit a minimum amount in small savings schemes. The grand prize is ₹5 lakh, with a total prize pool of ₹74 lakh.",Not applicable,"Must deposit at least ₹2,000 in a small savings scheme. Deposits must be made in a post office or bank in Odisha. Participants receive a web-based coupon for the lucky draw.",None,None,Not specified,Encourages small savings through a lucky draw incentive.,Not provided
Odisha,KALIA (Krushak Assistance for Livelihood and Income Augmentation) Yojana,Provides financial aid to small and marginal farmers to support their agricultural activities. The scheme also offers livelihood assistance to landless agricultural laborers.,Not applicable,Small and marginal farmers with valid land records. Landless agricultural laborers eligible for livelihood assistance. Funds are transferred directly to beneficiaries' bank accounts.,None,None,Not specified,Aims to support farmers and laborers in their agricultural activities.,Not provided
Odisha,Mo College Campaign,This initiative aims to foster alumni engagement in the development of colleges across Odisha. The government will reward the best-performing colleges in each block with a ₹1 lakh prize.,₹1 lakh prize for best-performing colleges,Open to all government colleges in Odisha. Active participation of alumni in college development is required. Colleges must demonstrate measurable improvement in facilities and academics.,None,None,Not specified,Encourages alumni involvement in college development.,Not provided
Odisha,Mukhyamantri Medhabruti Puraskar Yojana,"A merit-based scholarship program providing cash rewards to students who excel in the 10th-grade board exams. A total of 40,000 students will receive ₹5,000 each.","₹5,000 per student","Students who perform well in the 10th board exams. Selection criteria include top performers from blocks, municipalities, and NACs.",None,None,Not specified,Rewards academic excellence among students.,Not provided
Odisha,Biju Swasthya Kalyan Yojana (BSKY),A universal health insurance scheme providing cashless treatment in government and private empaneled hospitals. Women beneficiaries receive additional financial coverage.,Not applicable,"All citizens of Odisha, irrespective of income category. Women beneficiaries eligible for coverage up to ₹10 lakh. Covers pre-existing conditions and includes free services at government hospitals.",None,None,Not specified,Provides comprehensive health coverage to all citizens of Odisha.,Not provided
,,,,,,,,,
Chandigarh,Annapurna Akshaypatra Yojana,Provides affordable meals to the poor for â‚¹10.,Not applicable,Poor and needy residents of Chandigarh.,No age restriction,Open to all,Food packets available at designated locations.,"Meals include chapati, vegetables, and pickle.",https://chandigarh.gov.in/
Chandigarh,Chandigarh Housing Board Affordable Housing Scheme,Offers affordable housing units for EWS and LIG.,Subsidized housing rates,EWS and LIG categories.,No age restriction,Open to all,Apply through Chandigarh Housing Board.,Houses allocated via lottery system.,https://chbonline.in/
Chandigarh,Mukhyamantri Swasthya Bima Yojana,Health insurance for poor families in Chandigarh.,â‚¹5 lakh per family,Residents below the poverty line.,No age restriction,Open to all,Apply through health department offices.,Covers hospitalization expenses for major diseases.,https://chandigarh.gov.in/health
Chandigarh,Smart City Mission â€“ Chandigarh,Urban development project to enhance infrastructure.,Government-funded,Residents of Chandigarh.,No age restriction,Open to all,Implemented by Chandigarh Smart City Limited.,Focuses on digitalization and green projects.,https://chandigarhsmartcity.in/
Chandigarh,Chandigarh Electric Vehicle (EV) Policy,Promotes adoption of electric vehicles in the city.,Subsidies on EV purchases,Residents and commercial buyers.,No age restriction,Open to all,Apply through UT administration portals.,Aims for 100% electrification of public transport.,https://chandigarh.gov.in/transport
Chandigarh,Women and Child Welfare Scheme,Provides financial aid and nutrition to women and children.,Financial assistance & nutrition benefits,Pregnant women and children under 6 years.,No age restriction,Female beneficiaries,Register at Anganwadi centers.,"Covers maternal health, education, and food security.",https://chandigarh.gov.in/wcd
Chandigarh,Chandigarh Skill Development Mission,Offers vocational training to unemployed youth.,Free skill training,Unemployed youth in Chandigarh.,18-35 years,Open to all,Apply at district skill development centers.,Covers multiple trades and industries.,https://chandigarh.gov.in/skill
Chandigarh,Pradhan Mantri Awas Yojana (PMAY) â€“ Chandigarh,Affordable housing for urban poor under PMAY.,Subsidized housing loans,Urban poor and EWS families.,No age restriction,Open to all,Apply via the municipal corporation.,Houses allocated via central government scheme.,https://pmaymis.gov.in/
Chandigarh,Chandigarh Renewable Energy and Solar Mission,Encourages use of solar energy in residential and commercial buildings.,Subsidies on solar panels,Residents and commercial establishments.,No age restriction,Open to all,Apply via Chandigarh Renewable Energy and Science & Technology Promotion Society (CREST).,Targets increasing solar energy adoption.,https://chandigarh.gov.in/solar
Chandigarh,Chandigarh Startup and Innovation Scheme,Supports startups with funding and incubation.,Grants up to â‚¹10 lakh,New businesses and entrepreneurs.,No age restriction,Open to all,Apply via startup funding portals.,"Includes mentorship, training, and networking support.",https://chandigarh.gov.in/startup
,,,,,,,,,
Delhi,Mukhyamantri Street Light Yojana,"Installation of 2.1 lakh street lights to improve safety, especially for women.","Rs. 100 crore investment, Rs. 10 crore per annum for maintenance",Residents of Delhi; approval from MLA and building owner required,Not specified,Not specified,Submit request to local MLA; lights installed after location approval,Electricity cost deducted from household bills,https://www.business-standard.com/article/pti-stories/over-2-lakh-street-lights-will-be-installed-across-delhi-to-light-up-dark-spots-kejriwal-119092301386_1.html
Delhi,Delhi Overseas Scholarship Scheme,Financial assistance for SC students to pursue higher studies abroad.,"Covers tuition fees, travel expenses, and living costs","SC students, domicile of Delhi, family income below Rs. 8 lakh per annum",Below 30 years,All genders,Apply online at SC/ST Welfare Department website,Covers Master's and PhD programs in select fields,scstwelfare.delhigovt.nic.in
Delhi,Mukhyamantri Awas Yojana,Provides pucca houses to slum dwellers in Delhi.,Not specified,Residents of Jhuggi Jhopadi clusters in Delhi,Not specified,Not specified,Check beneficiary list on delhishelterboard.in,Certificates issued to ensure no forced eviction,https://www.livehindustan.com/ncr/story-arvind-kejriwal-launches-housing-scheme-for-residents-of-jhuggi-jhopri-clusters-2919405.html
Delhi,Delhi Job Fair Portal,Online job portal to connect job seekers with employers.,Not applicable,Residents of Delhi looking for employment,Not specified,All genders,Register online at jobfair.delhi.gov.in,Regular job fairs held in partnership with MNCs,jobfair.delhi.gov.in
Delhi,Mukhyamantri Septic Tank Safai Yojana,Free cleaning of septic tanks in unauthorized colonies.,Not specified,Residents of unauthorized colonies in Delhi,Not specified,Not specified,Call the helpline to request cleaning services,80 trucks deployed for safe waste disposal,https://timesofindia.indiatimes.com/city/delhi/arvind-kejriwal-announces-free-sewage-cleaning-scheme-in-unauthorised-colonies/articleshow/72068606.cms
Delhi,Mukhyamantri Muft Sewer Connection Yojana,Free sewer connections for households in 787 colonies.,Waiver on all connection and installation charges,Residents of specified colonies with existing sewer lines,Not specified,Not specified,"Apply before March 31, 2020, for free connection",Aims to reduce pollution in the Yamuna river,https://timesofindia.indiatimes.com/city/delhi/kejriwal-govt-unveils-free-sewer-connection-scheme-in-delhi/articleshow/72111644.cms
,,,,,,,,,
Jammu & Kashmir,Ration Card Scheme,Subsidized ration for eligible residents.,Not specified,Residents of J&K,Not specified,All genders,Apply via jkfcsca.gov.in,Required for availing other govt. schemes,jkfcsca.gov.in
Jammu & Kashmir,Voter ID Registration,Voter ID card for eligible citizens.,Not applicable,Residents of J&K,18+ years,All genders,Apply online at ceojk.nic.in,Check name in voter list online,ceojk.nic.in
Jammu & Kashmir,Govt. Scholarship for Differently Abled,Rs. 1 lakh annual assistance for disabled students.,Rs. 1 lakh per student,Specially abled students of J&K,Not specified,All genders,Apply through state education dept.,Aims at holistic development,Not specified
Jammu & Kashmir,Ayushman Bharat - PMJAY,Health insurance up to Rs. 5 lakh per family.,Rs. 5 lakh per family,Economically weaker sections,No age limit,All genders,Automatic enrollment via SECC database,Covers secondary and tertiary care,Not specified
Jammu & Kashmir,Group Mediclaim Health Insurance,Rs. 6 lakh insurance for govt. employees & pensioners.,Rs. 6 lakh per employee/pensioner,"Govt. employees, pensioners, accredited journalists",Not specified,All genders,Enrollment through employer,Premium deducted in quarterly installments,Not specified
Jammu & Kashmir,PM Special Scholarship Scheme (PMSSS),Scholarship for J&K students studying outside the state.,"Rs. 30,000 to Rs. 3 lakh per year",J&K students studying outside J&K,Not specified,All genders,Apply online at AICTE PMSSS portal,Covers tuition & maintenance,aicte-jk-scholarship-gov.in
Jammu & Kashmir,CM's Business Interest Relief Scheme,One-third interest subvention for restructured business loans.,Govt. pays 1/3rd of interest,Businesses with restructured accounts,Not specified,All genders,Apply via respective banks,Aims to boost local businesses,Not specified
Jammu & Kashmir,Muhafiz (Guardian) Scheme,Insurance and welfare for unorganized sector workers.,Accidental & life insurance,Registered workers under JKBOCWWB,Not specified,All genders,Register via online/offline mode,Includes education scholarships,Not specified
Jammu & Kashmir,J&K Bank Sahafat Finance Scheme,Special loan scheme for journalists.,"Rs. 50,000 to Rs. 3 lakh",Journalists in J&K,Not specified,All genders,Apply via J&K Bank,Includes insurance cover,Not specified
Jammu & Kashmir,Sahaj Bijli Har Ghar Yojana (Saubhagya),Subsidized electricity connections for poor households.,Rs. 500 (payable in 10 installments),Households listed in SECC-2011,Not specified,All genders,On-spot registration with ID proof,Supports 'Power for All' mission,Saubhagya Dashboard
,,,,,,,,,
Assam,Aponar Apon Ghar Home Loan Subsidy,Subsidy on home loans for first-time buyers.,Up to Rs. 2.5 lakh,Permanent residents of Assam,Not specified,All genders,Apply online at assamfinanceloans.in,Must not have availed previous home loan schemes,assamfinanceloans.in
Assam,Abhinandan Education Loan Subsidy,"Rs. 50,000 subsidy on education loans.","Rs. 50,000",Permanent residents of Assam with education loans,Not specified,All genders,Apply online at assamfinanceloans.in,Loan must not be under NPA status,assamfinanceloans.in
Assam,Silpi Sambardhana & Theatre Scheme,One-time grant for artists & technicians.,"Rs. 50,000 per person","Artists, musicians, technicians in Assam",Not specified,All genders,Apply through Cultural Affairs Dept.,"Covers painters, singers, theatrical technicians",culturalaffairs.assam.gov.in
Assam,Arundhati Gold Scheme,1 tola gold for newlywed brides.,"Approx. Rs. 40,000",Brides from families with income < Rs. 5 lakh,18+ years,Female,Apply at revenueassam.nic.in/arundhati/,Marriage must be registered,revenueassam.nic.in/arundhati/
Assam,Anundoram Borooah Laptop Scheme,Free laptops for meritorious students.,Laptop + Internet + Study Materials,Students with 75%+ marks in 10th,Not specified,All genders,Apply online at arbas.assam.gov.in,Only for SEBA & Madrassa Board students,arbas.assam.gov.in
Assam,Fee Waiver Scheme,No admission fees for UG/PG students.,Full waiver,Students with family income < Rs. 2 lakh,Not specified,All genders,Submit income proof at college,Covers tuition & admission fees,rusa.assam.gov.in
Assam,Voter ID Registration,Voter ID card for eligible citizens.,Not applicable,Residents of Assam,18+ years,All genders,Apply online at ceoassam.nic.in,Check name in voter list online,ceoassam.nic.in
Assam,Mukhyamantri Krishi Sa-Sajuli Yojana,Rs. 5000 assistance for small farmers.,Rs. 5000 per farmer,Small & marginal farmers in Assam,21+ years,All genders,Apply through AEA offices,Funds transferred via DBT,Not specified
Assam,Minority Girls Scholarship Scheme,Scholarship for minority community girls.,Not specified,Girls from minority communities,Not specified,Female,Apply through Education Dept.,Promotes higher education,Not specified
Assam,Indira Miri Widow Pension Scheme,"One-time Rs. 25,000 assistance for widows.","Rs. 25,000 + Rs. 250/month",Widows below 45 years,Below 45 years,Female,Apply via Gram Panchayat,Includes monthly pension till age 60,Not specified
,,,,,,,,,
Chhattisgarh,CG Mukhyamantri Vishwakarma Nirman Shramik Mrityu Evam Divyang Sahayata Yojana 2020,Provides financial assistance to registered construction laborers in case of disability or death during work.,"₹50,000 for disability; ₹1,00,000 for death.",Registered construction laborers in Chhattisgarh; benefits not applicable in cases of substance abuse or suicide.,18-60 years,All,Implemented by Chhattisgarh Building and Other Construction Workers Welfare Board.,Benefits are conditional on cause of death or disability.,Not available
Chhattisgarh,CG Mukhyamantri Asangathit Karmkaar Mrityu Evam Divyang Sahayata Yojana 2020,Financial aid for registered unorganized sector laborers in case of work-related disabilities or death.,"₹50,000 for disability; ₹1,00,000 for death.",Registered unorganized sector laborers in Chhattisgarh; benefits not applicable in cases of substance abuse or suicide.,18-60 years,All,Implemented by Chhattisgarh Unorganized Labourer Social Security Board.,Similar to the Vishwakarma scheme but focused on unorganized sector laborers.,Not available
Chhattisgarh,CG Mukhyamantri Vishesh Swasthya Sahayata Yojana (Dr. Khubchand Baghel Health Assistance Scheme),Integrated health scheme offering cashless treatment to families with ration cards.,"Up to ₹5 lakh/year for priority and Antyodaya cardholders; up to ₹50,000/year for others.",Priority and Antyodaya ration cardholders; other ration cardholders eligible for limited benefits.,No specific age,All,Benefits can be availed at government and registered private hospitals under a trust-based model.,Subsumes multiple existing health schemes for better coverage; covers ~90% of families in the state.,Not available
Chhattisgarh,CG Mukhyamantri Suposhan Abhiyan,State-wide campaign to combat malnutrition and anemia by providing nutritious meals to children and women.,Free nutritious meals provided daily through Anganwadi centers and other distribution points.,Children aged 0-5 years and women aged 15-49 years suffering from malnutrition or anemia; identified by gram panchayats.,"0-5 years (children), 15-49 years (women)",All,Implemented by Women and Child Welfare Department with participation from NGOs and local organizations.,Aims to make the state malnutrition-free within three years; includes local food preferences like jaggery and groundnut laddus twice a week.,Not available
Chhattisgarh,CG Mukhyamantri Haat Bazaar Yojana,Provides free mobile medical units with doctors and medicines to remote tribal areas lacking healthcare facilities.,"Free healthcare services including check-ups, medicines, minor surgeries, and X-ray facilities.",Residents of remote tribal areas identified by district administration as lacking healthcare facilities.,No specific age,All,Mobile medical units visit designated areas periodically as per government schedules and directives issued to district collectors.,Focused on improving access to healthcare in underserved regions; part of Universal Health Care initiatives.,Not available
Chhattisgarh,Rajiv Gandhi Kisan Nyay Yojana,Provides financial assistance to farmers for crop production costs through direct benefit transfer (DBT).,"₹10,000 per acre disbursed in installments; additional incentives for crop diversification.","Farmers cultivating specified crops such as paddy, maize, soybean, etc.; registration required within specified timelines each year.",No specific age,All,Farmers must register annually with cooperative societies or sugar factories; verification conducted by agricultural officers before DBT disbursement.,Supports crop diversification by providing additional financial incentives for switching from paddy to other crops included in the scheme's list of eligible crops.,Not available
Chhattisgarh,Universal PDS Scheme,Provides subsidized rice to all APL and BPL families under a revamped Public Distribution System (PDS).,"Rice at ₹10/kg; quantity varies based on family size (e.g., 35 kg/month for families with 3-5 members).",APL/BPL families holding valid ration cards issued under the new food policy guidelines; smart cards used for distribution to prevent corruption.,No specific age,All,Beneficiaries can collect subsidized rice monthly from designated fair price shops (FPS) using their smart ration cards issued by the government.,First state in India using smart cards for PDS distribution; aims to cover ~65 lakh families under the new food policy initiative starting October 2019.,Not available
,,,,,,,,,
Kerala,Zero Unemployment Scheme,Provides a 5-year subsidy for new industries based on job creation.,"Subsidy amount varies per job created; Women employees receive â‚¹2,000 more than men.",Industries registered between April 2020 - March 2025.,Not applicable,Open to all,Register new industries between 2020-2025 and apply for the scheme.,Industries can employ women for night shifts with safety measures.,https://www.newindianexpress.com/states/kerala/2020/jan/10/5-year-subsidy-for-new-industries-govt-eyes-zero-unemployment-2087590.html
Kerala,Sama Education Plan,Offers Class 10 & 12 equivalency courses for Kudumbashree workers.,Course fees and exam fees covered by local self-governing bodies.,Open to Kudumbashree workers who have not completed school education.,No age restriction,Primarily for women,Apply online between 17-31 Dec 2019.,Aims to empower women through education.,https://timesofindia.indiatimes.com/city/thiruvananthapuram/cm-to-launch-sama-edu-plan-tomorrow-to-benefit-1l-workers/articleshow/72702273.cms
Kerala,India Skills Kerala,State-level skill competition leading to national and world contests.,Winners get opportunities for further competitions and skill development.,Open to all eligible candidates.,No specific age limit,Open to all,Register online through the official website.,"Conducted in three levels: district, zonal, and state finals.",http://indiaskillskerala.com/
Kerala,She Pad Scheme,Provides free sanitary napkins to government school girls.,"Free sanitary napkins, incinerators, and storage boxes provided.",Available for girls in government and aided schools.,Adolescent girls,Only for girls,Implemented in schools; no direct application required.,Aims to promote menstrual hygiene and reduce school dropouts.,https://timesofindia.indiatimes.com/city/thiruvananthapuram/2nd-phase-of-she-pad-scheme-to-begin-today/articleshow/70235543.cms
Kerala,Pravasi Dividend Pension Scheme,Pension scheme for Non-Resident Keralites (NRKs) on one-time payment.,NRKs pay â‚¹5 lakh once to receive a pension.,Open to NRKs residing outside India.,No specific age limit,Open to all,Apply through the upcoming NRI Pension Scheme portal.,Fund deposited with KIIFB for infrastructure projects.,https://www.newindianexpress.com/states/kerala/2019/jan/25/nri-pension-scheme-launched-in-kerala-1930189.html
Kerala,Swadesh Darshan Scheme,Funds spiritual tourism circuit development in Kerala.,â‚¹85.23 crore sanctioned for developing 133 places of worship.,Covers religious sites of all faiths in Kerala.,Not applicable,Open to all,Implemented by the government; no application needed.,Part of a national initiative to boost tourism.,https://swadeshdarshan.gov.in/
Kerala,School Sasthrolsavam,"A state-level academic fair covering science, math, IT, and social science.","No direct subsidy, but participation benefits students academically.",Open to students from lower primary to higher secondary levels.,School students,Open to all,Schools register students through the Sasthrolsavam portal.,Encourages scientific temperament and creativity among students.,http://schoolsasthrolsavam.in/
Kerala,Kerala Ration Card Scheme,Provides subsidized food and essentials to eligible households.,"Varies based on card type (APL, BPL, Antyodaya).",Permanent residents of Kerala; income-based eligibility.,No age limit,Open to all,Apply online via the Civil Supplies Department website.,Essential for availing many government subsidies.,https://civilsupplieskerala.gov.in/
Kerala,Kerala Voter List & ID Services,Allows residents to check their voter status and apply for voter ID.,Not applicable,Residents of Kerala eligible to vote.,18 years and above,Open to all,Apply online via CEO Kerala website.,Enables participation in democratic elections.,http://www.ceo.kerala.gov.in/
Kerala,Sametham School Database,"A digital platform providing data on schools, students, and staff.",Not applicable,"Covers government, aided, and unaided schools in Kerala.",Not applicable,Open to all,Schools verify and update data on the Sametham portal.,Aids educational planning and policy decisions.,https://sametham.kite.kerala.gov.in/
,,,,,,,,,
Madhya Pradesh,MP Yuva Swabhiman Yojana,"Provides 365 days of employment with â‚¹5,000 monthly stipend to unemployed youth.","â‚¹5,000 per month",Unemployed youth of MP,18-29 years,Open to all,Apply online at yuvaswabhimaan.mp.gov.in,Extended from 100 to 365 working days.,https://timesofindia.indiatimes.com/city/bhopal/nath-govt-to-roll-out-365-day-work-scheme-rs-5k-stipend-for-jobless/articleshow/73745831.cms
Madhya Pradesh,MP Dwar Praday Yojana,Doorstep delivery of key government certificates for â‚¹50.,Not applicable,Residents of Indore (pilot phase).,No age restriction,Open to all,Apply via Lok Seva Kendra or online.,"Includes birth, death, income, domicile certificates.",https://indiaeducationdiary.in/chief-minister-kamal-nath-dedicates-dwaar-praday-yojana-in-indore/
Madhya Pradesh,MP Rent and Own Housing Scheme,Allows people to own houses by paying rent-equivalent installments.,Subsidized home ownership,Middle & lower-income groups,No specific age limit,Open to all,Apply under Mukhyamantri Awas Yojana.,Part of National Urban Rental Housing Policy.,https://www.freepressjournal.in/bhopal/bhopal-kamal-nath-govts-eyes-home-buyers-with-rent-and-own-scheme
Madhya Pradesh,MP Mukhyamantri Karamchari Swasthya Bima Yojana,Health insurance providing â‚¹5-10 lakh coverage for government employees.,"â‚¹5 lakh for general, â‚¹10 lakh for serious ailments.","Government employees, teachers, retired staff.",No age restriction,Open to all,Enrollment via government offices.,Optional for employees of corporations/boards.,health.mp.gov.in
Madhya Pradesh,MP STEAM Curriculum,"Introduces Science, Technology, Engineering, Arts, and Math in schools.",Not applicable,Students of government schools,School students,Open to all,Implemented in phases across MP.,First state in India to introduce STEAM education.,https://www.freepressjournal.in/bhopal/first-in-the-country-mp-schools-all-set-to-introduce-steam-in-2020
Madhya Pradesh,My MP Rojgar Portal,Employment portal for job seekers and employers.,Not applicable,"Job seekers, employers in MP.",18+ for job seekers,Open to all,Register at mprojgar.gov.in.,Hosts job fairs and employment updates.,http://www.mprojgar.gov.in/indexh.aspx
Madhya Pradesh,MP Sanjeevani Clinics,Free healthcare centers providing 120+ medicines.,Completely free medical services.,Residents of towns and cities in MP.,Open to all,Open to all,Visit any of the 208 clinics.,Inspired by Delhi's Mohalla Clinics.,https://aajtak.intoday.in/story/mohalla-clinics-madhya-pradesh-chief-minister-kamal-nath-medical-facilities-sanjeevani-clinics-1-1143979.html
Madhya Pradesh,MP Jai Kisan Rin Mukti Yojana,Waives off farm loans up to â‚¹2 lakh.,â‚¹2 lakh loan waiver,Farmers with loans from banks.,No age limit,Open to all,Apply via cooperative and nationalized banks.,Phase 2 covers additional 12 lakh farmers.,https://timesofindia.indiatimes.com/city/bhopal/agri-loans-up-to-rs-2l-will-be-waived-in-phase-2-minister/articleshow/72190961.cms
,,,,,,,,,
Manipur,School Fagathansi Mission,Improves infrastructure and education in government schools.,Not applicable,Students in government schools.,School students,Open to all,Implemented in 60 assembly constituencies.,Includes biometric attendance for teachers.,https://indianexpress.com/article/north-east-india/manipur/manipur-cm-biren-singh-launches-scheme-improve-infrastructure-government-schools-5913405/
Manipur,CEO Manipur Voter Services,Allows residents to check voter list and download voter ID.,Not applicable,Residents of Manipur eligible to vote.,18 years and above,Open to all,Apply online at ceomanipur.nic.in.,Provides district-wise electoral roll downloads.,https://ceomanipur.nic.in/
Manipur,CM Scholarship Scheme,Provides scholarships for civil service aspirants.,100% to 40% scholarship based on merit.,Students aspiring for civil services.,No age restriction,Open to all,Application available at DC offices and ALS-IAS centers.,450 aspirants receive coaching under the scheme.,https://indianexpress.com/article/north-east-india/manipur/manipur-cm-scholarship-scheme-for-civil-service-aspirants-5913445/
Manipur,Sangai Festival,Annual festival promoting Manipurâ€™s culture and tourism.,Not applicable,Open to all businesses and cultural groups.,Not applicable,Open to all,Register stalls at sangaistall.in.,"Named after Manipurâ€™s state animal, the Sangai deer.",https://manipurtourism.gov.in/sangai-festival/
Manipur,Startup Manipur,Provides funding and support for startups in Manipur.,â‚¹5L-â‚¹3Cr funding based on startup stage.,"Entrepreneurs, students, and women-led startups.",No age restriction,Open to all,Apply at startupmanipur.in.,Includes business incubators and mentorship programs.,https://startupmanipur.in/
Manipur,CM Hakshelgi Tengbang (CMHT),Health assurance scheme providing â‚¹2L cashless treatment.,â‚¹2 lakh per family,Poor and disabled individuals under SECC-2011.,No age restriction,Open to all,Register via ASHA workers at PHCs and CHCs.,Covers 7 critical illnesses including cancer.,https://hfw.manipur.gov.in/cmht/
Manipur,CM Shotharabasingi Tengbang (CMST),Welfare scheme for differently-abled individuals.,"â‚¹1,500 p.m allowance + scholarships + loans.",Differently-abled individuals in Manipur.,No age restriction,Open to all,Register via the Social Welfare Department.,Includes travel benefits and maintenance grants.,https://socialwelfaremanipur.nic.in/cmst/
Manipur,SAUBHAGYA Scheme,Provides free electricity connections to poor households.,Free household connections.,Households identified under SECC-2011.,No age restriction,Open to all,Apply via the Rural Electrification Corporation.,Covers 1.75 lakh households in Manipur.,https://saubhagya.gov.in/
Manipur,PM Awas Yojana-Gramin (PMAY-G),Provides financial assistance for rural housing.,â‚¹1.3L per house + toilet & MGNREGA support.,Rural families selected via SECC-2011.,No age restriction,Open to all,Apply via gram panchayats.,Includes loan subsidy for home extension.,https://pmayg.nic.in/
Manipur,School Fagath Hansi Mission,Turns govt. schools into model schools with quality education.,Not applicable,Students in government schools.,School students,Open to all,Implemented in all 60 assembly constituencies.,Includes digital attendance and infrastructure upgrades.,https://manipureducation.gov.in/fagath-hansi/
,,,,,,,,,
Meghalaya,Employees State Insurance (ESI) Scheme,Provides social security and medical care for labourers.,"Cash benefits, medical benefits",Labourers and weaker sections of society.,No age restriction,Open to all,Apply online at megesis.nic.in.,"Includes sickness, maternity, disablement, and funeral benefits.",http://megesis.nic.in/
Meghalaya,CEO Meghalaya Voter Services,Allows residents to check voter list and download voter ID.,Not applicable,Residents of Meghalaya eligible to vote.,18 years and above,Open to all,Apply online at ceomeghalaya.nic.in.,Provides district-wise electoral roll downloads.,https://ceomeghalaya.nic.in/
Meghalaya,Megha Health Insurance Scheme (MHIS),Universal health insurance with â‚¹5 lakh coverage.,â‚¹5 lakh per family per year,Residents of Meghalaya (except govt. employees).,No age restriction,Open to all,Apply online at mhis.nic.in.,Covers hospitalization costs including investigations.,http://mhis.nic.in/
Meghalaya,CM Housing Assistance Programme,Provides financial assistance for building houses.,"â‚¹75,000 + construction materials",Economically weaker sections in rural and urban areas.,No age restriction,Open to all,Apply via district and block offices.,Previously called Meghalaya Affordable Housing Scheme.,https://meghalaya.gov.in/housing
Meghalaya,Megha Health Insurance Scheme (MHIS III),Phase 3 of MHIS with â‚¹2.8 lakh coverage for families.,â‚¹2.8 lakh per family,Residents of Meghalaya (except govt. employees).,No age restriction,Open to all,Apply via district kiosks.,Provides free smart cards for cashless treatment.,https://mhis.org.in/
Meghalaya,Megha Health Insurance Scheme (MHIS IV),Phase 4 of MHIS with â‚¹5 lakh insurance coverage.,â‚¹5 lakh per family per year,All Meghalaya residents (except govt. employees).,No age restriction,Open to all,Implemented with Ayushman Bharat Yojana.,Covers all hospitals in Meghalaya.,http://mhis.nic.in/
Meghalaya,CM Housing Assistance (Roof Material),Provides high-quality roofing material for houses.,Free roof materials,Economically weaker sections in Meghalaya.,No age restriction,Open to all,Apply via local government offices.,Previously part of Meghalaya Affordable Housing Scheme.,https://meghalaya.gov.in/housing
Meghalaya,Megha Health Smart Card,Smart card for cashless treatment at empanelled hospitals.,Covers hospitalization expenses,Residents of Meghalaya enrolled under MHIS.,No age restriction,Open to all,Apply via district kiosks and health centers.,Can be reissued in case of loss.,https://mhis.org.in/
Meghalaya,MHIS Public Grievance & Helpline,Allows beneficiaries to raise complaints regarding MHIS.,Not applicable,Residents of Meghalaya enrolled under MHIS.,No age restriction,Open to all,Submit grievances online at mhis.org.in.,Helpline numbers available for district-level redressal.,https://mhis.org.in/
Meghalaya,MHIS Empanelled Hospitals List,Provides list of empanelled hospitals for MHIS treatment.,Not applicable,Residents of Meghalaya enrolled under MHIS.,No age restriction,Open to all,Check list at mhis.org.in.,Includes hospitals within and outside Meghalaya.,https://mhis.org.in/
,,,,,,,,,
Mizoram,Parking House Support Scheme (PAHOSS),Provides financial assistance to build parking lots in Aizawl.,â‚¹1 lakh per parking slot,"Private entities, NGOs, and local councils in Aizawl.",No age restriction,Open to all,Apply via Aizawl Municipal Corporation.,Aims to reduce traffic congestion in the city.,https://mizoram.gov.in/page/pahoss
Mizoram,CEO Mizoram Voter Services,Allows residents to check voter list and download voter ID.,Not applicable,Residents of Mizoram eligible to vote.,18 years and above,Open to all,Apply online at ceomizoram.gov.in.,Provides district-wise electoral roll downloads.,https://ceomizoram.gov.in/
Mizoram,PM Awas Yojana (Urban),Provides affordable housing to urban poor.,Interest subsidy & financial aid,Economically weaker sections and low-income groups.,No age restriction,Open to all,Apply online at pmaymis.gov.in.,Offers home loans with interest subsidies.,https://pmaymis.gov.in/
Mizoram,PM Awas Yojana (Gramin),Provides financial assistance for rural housing.,â‚¹1.2L-â‚¹1.3L + â‚¹12K for toilets,Rural families selected via SECC-2011.,No age restriction,Open to all,Apply via gram panchayats.,Includes MGNREGA wage support.,https://iay.nic.in/
Mizoram,Mizoram State Health Care Scheme,Provides free medical treatment for BPL families.,Up to â‚¹2 lakh coverage,BPL families and economically weaker sections.,No age restriction,Open to all,Apply via district health offices.,Covers secondary and tertiary healthcare services.,https://mizoramhealthcare.in/
Mizoram,Chief Minister's Rural Housing Scheme,State-funded housing scheme for rural families.,â‚¹1 lakh per household,Rural households below poverty line.,No age restriction,Open to all,Apply via rural development department.,Supports housing construction in remote areas.,https://mizoram.gov.in/page/cm-rural-housing
Mizoram,CM's Health Assistance Scheme,Provides financial aid for critical medical treatments.,â‚¹1 lakh for major illnesses,Low-income individuals with serious health conditions.,No age restriction,Open to all,Apply via district health offices.,Covers surgeries and specialized treatments.,https://mizoram.gov.in/page/health-assistance
Mizoram,Mizoram Start-up Scheme,Supports entrepreneurs with funding and incubation.,Grants up to â‚¹5 lakh,New businesses and entrepreneurs.,No age restriction,Open to all,Apply via startupmizoram.in.,Includes mentorship and training support.,https://startupmizoram.in/
Mizoram,Swachh Mizoram Mission,Aims to improve sanitation and waste management.,Not applicable,All households and local councils.,No age restriction,Open to all,Implemented via local municipalities.,Focuses on cleanliness and hygiene awareness.,https://mizoramswachh.in/
Mizoram,Mizoram Skill Development Mission,Provides vocational training and job placements.,Free skill training,Unemployed youth in Mizoram.,18-35 years,Open to all,Apply via district skill development offices.,Covers multiple trades and industries.,https://skillmizoram.gov.in/
,,,,,,,,,
Bihar,Jal Jivan Hariyali Campaign,"Launched on 2nd October 2019 to combat climate change, ensure water conservation, and promote environmental sustainability through rainwater harvesting, rejuvenation of water bodies, groundwater recharge, and large-scale tree plantation.",Not specified,"Applicable to government departments, local authorities, and public/private landowners in urban and rural areas affected by water scarcity or environmental degradation.",None,None,Participation through respective government departments or local authorities.,"Aims to address issues like floods, droughts, and environmental pollution.",Official Website
Bihar,Mukhyamantri Kanya Utthan Yojana,Provides financial assistance to girls at different stages of their education to promote female education and prevent child marriage. Benefits up to two girls per family without discrimination.,Varies by educational stage,Residents of Bihar; up to two girls per family; Aadhaar-linked bank account required; unmarried for Intermediate benefits; graduation benefits irrespective of marital status.,Not specified,Female,Application through the Education Department or respective educational institutions.,Encourages higher education among girls.,Education Department
Bihar,Bihar Ration Card Scheme,Provides ration cards to eligible citizens under the National Food Security Act (NFSA) for access to subsidized food grains and essential commodities.,Subsidized food grains as per NFSA guidelines,"Permanent residents of Bihar; categorized into APL, BPL, and AAY based on economic status; required documentation includes proof of residence, identification, and income details.",None,None,Application through the Public Distribution System (PDS) or respective local authorities.,Ration card serves as an important document for availing various government welfare schemes.,Official Website
Bihar,Bihar Berojgari Bhatta Yojana,"Provides financial assistance of ₹1,000 per month to educated but unemployed youth to support their livelihood during job search.","₹1,000 per month",Permanent residents of Bihar; unemployed; annual family income not exceeding ₹3 lakh; must have passed 12th grade with a graduation or post-graduation degree.,21 to 35 years,None,Application through the District Registration and Counseling Center (DRCC) or online portal.,Aims to help jobless youth improve their skills and sustain themselves financially.,MNSSBY
Bihar,Mukhyamantri Vridhjan Pension Yojana (MVPY),Provides a pension of ₹400 per month to eligible senior citizens aged 60 years and above to help them become self-reliant.,₹400 per month,"Permanent residents of Bihar; aged 60 years or older; applicable to all castes, religions, and communities; excludes retired government pensioners.",60 years and above,None,Application through the Social Welfare Department or online portal.,Priority given to senior citizens below the poverty line (BPL).,SSPMIS
Bihar,Pradhan Mantri Kisan Samman Nidhi Yojana (PM-KISAN) – Bihar,"Provides financial assistance of ₹6,000 per year to eligible small and marginal farmers, distributed in three equal installments.","₹6,000 per year","Permanent residents of Bihar; small or marginal farmers; Aadhaar card mandatory; excludes retired government employees, income tax payers, and institutional landholders.",None,None,Application through the Bihar Agriculture Portal or local agriculture offices.,Supports farmers in meeting agricultural and household expenses.,Bihar Agriculture
Bihar,Bihar Education Loan Waiver for Students under Student Credit Card (SCC) Scheme,Waives education loans for students who fail to secure employment after completing their professional courses; employed students repay loans in 82 installments.,"Up to ₹4 lakh interest-free loan; 1% interest rate for differently-abled, transgender, and female students",Permanent residents of Bihar; Class 12th pass for higher education loans; Class 10th pass for polytechnic courses; unemployed after course completion for loan waiver; employed students repay in installments.,Not specified,None,Application through the Education Department or respective financial institutions.,Encourages higher education by providing financial support and reducing the burden of loan repayment.,Education Department
Bihar,Bihar Mukhyamantri Kanya Utthan Yojana – Graduation Incentive for Girls,"Provides a one-time financial incentive of ₹25,000 to every girl who completes her graduation to promote higher education among women.","₹25,000 one-time","Permanent residents of Bihar; must have completed graduation from a recognized institution on or after FY 2018; applicable to both married and unmarried girls; no restrictions based on caste, community, or religion.",Not specified,Female,Application through the Education Department or respective educational institutions.,Approximately 1.2 lakh girls benefit each year.,Education Department
Bihar,Bihar Online Land Mutation & Land Tax Payment Facility,"Provides an online platform for land mutation (Dakhil Kharij), payment of land tax, and linking of district registration offices with circle offices to improve transparency and efficiency in land-related processes.",Not applicable,"Available to all landowners and property holders in Bihar; must have legal ownership of land; applicable to new landowners, inheritance cases, or land transfer cases.",None,None,Services accessible through the official property registration website.,Aims to reduce land disputes by streamlining land-related processes.,Bihar Land Reforms
,,,,,,,,,
Goa,Goa Ration Card Online Application,"Online application system for new ration cards, name inclusion, and status checks.",Not specified,"Resident of Goa, 18+, head of family, no duplicate ration card in another state.",18+,None,Apply online at goa.gov.in.,Essential for availing subsidized food grains.,Civil Supplies Goa
Goa,Goa Laadli Laxmi Scheme,Provides ₹1 lakh to eligible girls for marriage or essential expenses.,₹1 lakh,"Resident of Goa or studied up to Class 10 in Goa, 18-40 years, parents’ income < ₹8 lakh.",18-40,Female,Apply through Women & Child Development Dept.,Aims to reduce financial burden on families.,Women & Child Development Goa
Goa,Goa Employment Exchange Online Registration,Online job registration for employment seekers and laborers.,Not applicable,Residents of Goa seeking employment.,None,None,Register online at goaonline.gov.in.,Includes Labour & Employment (L&E) Card.,Goa Online
Goa,Goa Ashraya Adhar Scheme,"Loan assistance for house repair, renovation, or reconstruction.",₹5 lakh loan at 2% interest,"ST applicants with own house, age up to 55 (58 for govt. employees), two guarantors required.",Up to 55 (58 for govt. employees),None,Apply through Goa State Scheduled Tribes Finance Corp.,"Previously ₹2 lakh, revised in 2019.",Goa ST Development
Goa,Goa Revised Cyberage Student Scheme,"Free laptops for Class 11 students, owned by schools.",Free laptop,"Resident of Goa, enrolled in Class 11 (Arts, Science, Commerce).",None,None,Schools distribute; students must return after Class 12.,Students liable for damage.,Goa Education
Goa,Goa Inter Caste Marriage Scheme,Financial incentive for inter-caste marriages.,₹2.5 lakh,"One spouse must belong to SC category, couple must register marriage & live together for 1 year.",None,None,Apply through Social Welfare Dept.,Money deposited as FD with a 3-year lock-in period.,Goa Welfare
Goa,PMJJBY for Fishermen,Life insurance for fishermen against accidental death.,₹2 lakh,"Resident of Goa (15+ years), fisherman, aged 18-50, member of Fisheries Co-op Society.",18-50,None,Apply via Fisheries Dept.,Requires good health certificate.,Goa Fisheries
Goa,Goa Coconut Subsidy Scheme,Provides subsidized coconuts to stabilize prices.,Discounted price,"Goa resident, purchase limit of 30 coconuts/month, must show LPG card.",None,None,Purchase from Goa State Horticulture Ltd.,Govt. covers transportation & margin costs.,Goa Agriculture
Goa,Jai Kisaan Mobile App,"Digital support for farmers with weather updates, market prices, etc.",Free access,"Resident of Goa, farmer.",None,None,Download from app store.,Part of Digital India initiative.,Goa Agriculture
,,,,,,,,,
Gujarat,Gujarat Electricity Duty Exemption Scheme,"This scheme offers an electricity duty waiver to industrial units, streamlining the approval process to reduce clearance time from six months to 24 hours.",Not specified,"- Industrial units operating in Gujarat.
- Compliance with state electricity regulations.
- Submission of required documents through the CEICED portal.
- Valid for businesses meeting specified power usage criteria.",None,None,Applications are submitted online through the CEICED portal.,Part of Gujarat's efforts to promote industrial growth and ease of doing business.,CEICED Portal
Gujarat,Pradhan Mantri Fasal Bima Yojana (PMFBY),"A crop insurance scheme protecting farmers against natural calamities, allowing online applications, premium calculations, and status checks via the iKhedut portal.",Not specified,"- Open to all farmers in Gujarat.
- Loanee farmers: mandatory application.
- Non-loanee farmers: voluntary application.
- Application before specified crop deadlines.",None,None,Applications are processed online through the iKhedut portal.,Aims to provide financial support to farmers in the event of crop loss due to unforeseen events.,iKhedut Portal
Gujarat,NAMO E-Tab Scheme,Provides subsidized tablets to meritorious students to enhance digital education. Eligible students receive a branded tablet by paying a nominal fee.,Not specified,"- Permanent residents of Gujarat.
- Secured merit in the 12th class.
- Enrolling in the first year of college or a polytechnic course.",Typically 17-19 years,None,Eligible students can apply through their respective educational institutions or designated online platforms.,Aims to bridge the digital divide and promote e-learning among students.,Digital Gujarat
Gujarat,Vahli Dikri Yojana,"Financial assistance program promoting education and welfare of girl children, providing monetary incentives at different educational stages and upon reaching adulthood.",Not specified,"- Girl child must be a permanent resident of Gujarat.
- Applicable to the first and second daughters of a family.
- Annual family income must be below ₹2 lakh.",From birth to 18 years,Female,Applications can be submitted through the Women and Child Development Department's official portal or at designated government offices.,Encourages the education and empowerment of girls in the state.,Women and Child Development Department
Gujarat,CNG Sahbhagi Yojana,"Facilitates the establishment of new CNG stations through a franchisee and OMC-dealer model, aiming to increase the number of CNG stations in urban and highway areas.",Not specified,"- Open to individuals and entities interested in setting up a CNG station.
- Ownership of land for station setup.
- Compliance with Gujarat Gas Company Ltd (GGCL) and Sabarmati Gas Ltd (SGL) regulations.",None,None,"Interested parties can apply through the official portals of GGCL or SGL, following the specified guidelines and procedures.",Supports the expansion of CNG infrastructure to promote cleaner fuel alternatives.,Gujarat Gas
Gujarat,Bhulekh Naksha – Gujarat Land Records System,"Provides online access to land records through the AnyROR portal, allowing citizens to check land details, survey numbers, ownership records, and revenue case data without visiting government offices.",Not applicable,"- Open to all citizens of Gujarat.
- Users must provide valid land details such as survey number or khata number.
- Landowners can apply for digital copies of their records through the portal.",None,None,Users can access land records by visiting the AnyROR portal and entering the required land details.,Enhances transparency and accessibility of land records for the public.,AnyROR Portal
Gujarat,Gujarat Ration Card Scheme,"Issues ration cards under different categories (APL, BPL, NFSA, Non-NFSA) to provide subsidized food and essential commodities to eligible households through the Public Distribution System (PDS).",Not applicable,"- Permanent residents of Gujarat.
- Households without an existing ration card.
- Newly married couples and individuals with expired temporary ration cards.
- Eligibility determined based on household income and economic status.",None,None,Applications can be submitted online through the Digital Gujarat portal or at local rationing offices.,Ensures food security for economically weaker sections of society.,Digital Gujarat
Gujarat,Gujarat Voter List & ID Card Registration,"Facilitates online voter registration and voter list updates through the Chief Electoral Officer’s (CEO) portal, allowing citizens to download voter ID cards, check electoral details, and update records.",Not applicable,"- Indian citizen and permanent resident of Gujarat.
- At least 18 years old as per the eligibility cutoff date.
- Valid identity proof and address documentation.",18 years and above,None,Citizens can register or update their details online through the CEO Gujarat portal.,Aims to streamline the electoral process and encourage voter participation.,CEO Gujarat
Gujarat,Saraswati Sadhana Yojana,"Aims to promote education for Scheduled Caste (SC) girls by providing them with free bicycles, reducing dropout rates and improving access to secondary education.",Not specified,"- Girl belonging to the SC category.
- Enrolled in the 9th standard in a government or government-aided school.
- Annual family income should not exceed ₹1.2 lakh (rural) or ₹1.5 lakh (urban).",Typically 14-15 years,Female,Schools identify eligible students and coordinate with the Social Justice and Empowerment Department for the distribution of bicycles.,Encourages continued education among SC girls by addressing transportation challenges.,[Social Justice and Empowerment
,,,,,,,,,
Haryana,Atal Bihari Vajpayee Shramik Avagaman Yojana,Provides free bus passes for construction workers to travel via Haryana Roadways.,Free bus travel,Must be a registered construction worker in Haryana with proof of employment.,None,None,Apply through the Haryana Labour Welfare Board or local labor offices.,Helps ease the financial burden of daily travel for laborers.,Haryana Labour Dept
Haryana,Bhavantar Bharpayee Yojana (BBY),Farmers receive compensation if horticultural crops are sold below MSP.,Price deficit covered,"Farmers must register online at BBY portal, sell using J-Form, and upload transaction details.",None,None,Registration on BBY portal before the deadline.,Encourages crop diversification and reduces income risks.,BBY Portal
Haryana,Haryana Job Fair Portal (Rojgar Mela),Connects job seekers with employers via an online job fair portal.,Not specified,Must register on the official portal and apply for available vacancies.,18+,None,Register on Haryana Rojgar Portal.,Aims to reduce unemployment and boost employment in the state.,Haryana Rojgar
Haryana,Haryana Free Laptop Scheme,Free laptops for meritorious students scoring above 90% in Class 10 board exams.,Free laptop,Must be from Haryana government schools and scored 90%+ in Class 10 state board exams.,15-16 years,None,Eligible students are selected automatically by the education board.,Supports digital education for bright students.,Haryana Education
Haryana,Meri Fasal Mera Byora,Online portal for farmers to register crop details for government procurement & benefits.,Subsidies provided,"Farmers must register crops, submit land ownership documents, and meet deadline requirements.",None,None,Register at Fasal Portal.,Ensures timely compensation and crop loss coverage.,Fasal Haryana
Haryana,Haryana Parali Incentive Scheme,Provides Rs. 100 per quintal to small farmers who do not burn stubble.,₹100 per quintal,Must own <5 acres of land and be a non-Basmati paddy farmer registered with the state agriculture dept.,None,None,Apply via Haryana Agriculture Dept portal.,Aims to reduce air pollution caused by stubble burning.,Haryana Agriculture
Haryana,Haryana Udyog Mitra Scheme,Provides industry-led skill training & job placement under Haryana Skill Development Mission (HSDM).,Not specified,"Open to industries, training partners, and organizations offering NSQF-aligned training.",None,None,Apply through HSDM website.,Encourages apprenticeship-based learning for youth employment.,HSDM
Haryana,Manohar Jyoti Solar Home Lighting System,Solar home lighting systems for rural households without electricity.,"Subsidized cost ₹7,500",Must be a rural household located at least 1 km away from the nearest village & without an electricity connection.,None,None,Apply via Haryana Renewable Energy Department website.,Promotes renewable energy adoption in rural areas.,Haryana Solar
Haryana,Haryana Roadways Driver Training Scheme,Offers training for obtaining heavy vehicle driving licenses.,Not specified,"Applicants must hold an LMV/LTV license, meet age criteria, and pay training fees.",18+,None,Apply online through Haryana Transport Department.,Improves employment opportunities for commercial drivers.,Haryana Transport
Haryana,Haryana Voter List 2020,Online voter list for Haryana citizens to check their voter registration and download voter IDs.,Not applicable,Must be a registered voter in Haryana with a valid EPIC number.,18+,None,Access voter details on CEO Haryana Website.,Ensures easy access to voter information ahead of elections.,CEO Haryana